,variant,parent,date_difference,edit distance
0,EPI_ISL_2533882,['EPI_ISL_3845417'],[5],[0]
1,EPI_ISL_3845417,['EPI_ISL_2107096'],[308],[43]
2,EPI_ISL_2858682,['EPI_ISL_2107096'],[308],[59]
3,EPI_ISL_2858681,['EPI_ISL_2107096'],[308],[57]
4,EPI_ISL_2858680,['EPI_ISL_2107096'],[308],[56]
5,EPI_ISL_2858679,['EPI_ISL_2107096'],[308],[56]
6,EPI_ISL_2858678,['EPI_ISL_2107096'],[308],[55]
7,EPI_ISL_2533883,['EPI_ISL_2107096'],[308],[55]
8,EPI_ISL_2308262,['EPI_ISL_2107096'],[164],[15]
9,EPI_ISL_2107096,['root'],[0],[0]
