Accession ID,Collection date,Location,Lineage
EPI_ISL_2107096,4/26/2020,Africa / Somalia / Benadir,B.1
EPI_ISL_2308262,10/7/2020,Africa / Somalia / Mudug,B.1.480
EPI_ISL_2533883,2/28/2021,Africa / Somalia / Banaadir,B.1.1.7
EPI_ISL_2858678,2/28/2021,Africa / Somalia / Banaadir,B.1.1.7
EPI_ISL_2858679,2/28/2021,Africa / Somalia / Banaadir,B.1.1.7
EPI_ISL_2858680,2/28/2021,Africa / Somalia / Banaadir,B.1.1.7
EPI_ISL_2858681,2/28/2021,Africa / Somalia / Banaadir,B.1.1.7
EPI_ISL_2858682,2/28/2021,Africa / Somalia / Banaadir,B.1.351
EPI_ISL_3845417,2/28/2021,Africa / Somalia / Banaadir,B.1.351
EPI_ISL_2533882,3/5/2021,Africa / Somalia / Banaadir,B.1.1.7
